Asset Type,Asset Environment,Operating System,Issue Category,Issue Subcategory,Issue ID,Issue Title,Source of Scan,Issue Status,Age,Threshold,Severity,Critical Issue,Port,Last Scan Date,First Reported Date,Last Reported Date,Last Completed Date,Last Reopened Date,Impacts Posture Scorecard,Protocol,CVE ID,CVE Age,Vendor,Vendor ID,Detection Release Date,Patchable,Remote Discovery,Occurrences,Remediation Progress,Solution,Threat,Impact
Server,production,windows server 2016 datacenter,Internal Vulnerabilities,Internal Vulnerability,378332,Microsoft WinVerifyTrust Signature Validation Vulnerability,Qualys Internal - Agent,Reopened,977,90,High,No,,6/10/2026,10/7/2023,6/10/2026,5/4/2024,5/8/2024,Yes,,CVE-2013-3900,4565,microsoft,CVE-2013-3900,4/4/2023,Yes,No,,Open,"Customers are advised to refer to <A HREF=""https://msrc.microsoft.com/update-guide/vulnerability/CVE-2013-3900"" TARGET=""_blank"">WinVerifyTrust Signature Validation</A> for further details pertaining to this.<P> Opting into this stricter verification behavior causes the WinVerifyTrust function to perform strict Windows Authenticode signature verification for PE files. After opting-in, PE files will be considered &quot;unsigned&quot; if Windows identifies content in them that does not conform to the Authenticode specification. This may impact some installers. If you are using an installer that is impacted, Microsoft recommends using an installer that only extracts content from validated portions of the signed file.<P> <P>Patch:<BR> Following are links for downloading patches to fix the vulnerabilities: <P> <A HREF=""https://msrc.microsoft.com/update-guide/vulnerability/CVE-2013-3900"" TARGET=""_blank"">CVE-2013-3900</A>","Microsoft stated that they have re-published the CVE-2013-3900 to inform customers about the availability of EnableCertPaddingCheck. This behavior remains available as an opt-in feature via the registry key setting and is available on all supported editions of Windows released since December 10, 2013. <P>

Microsoft recommends that executable authors consider conforming all signed binaries to the new verification standard by ensuring that they contain no extraneous information in the WIN_CERTIFICATE structure. Microsoft also recommends that customers appropriately test this change to evaluate how it will behave in their environments.<P>

Microsoft recommends that customers test how this change to Authenticode signature verification behaves in their environment before fully implementing it. To enable the Authenticode signature verification improvements, modify the registry to add the EnableCertPaddingCheck value as detailed below.<BR>
- HKEY_LOCAL_MACHINE\Software\Microsoft\Cryptography\Wintrust\Config  &quot;EnableCertPaddingCheck&quot;=&quot;1&quot;<BR>
- HKEY_LOCAL_MACHINE\Software\Wow6432Node\Microsoft\Cryptography\Wintrust\Config  &quot;EnableCertPaddingCheck&quot;=&quot;1&quot;<P>

QID Detection Logic (Authenticated):<BR>
This QID checks for the presence of these registry keys HKEY_LOCAL_MACHINE\Software\Microsoft\Cryptography\Wintrust\Config and HKEY_LOCAL_MACHINE\Software\Wow6432Node\Microsoft\Cryptography\Wintrust\Config, and checks whether the value 'EnableCertPaddingCheck' associated with these keys is set to 1 (REG_DWORD or  REG_SZ).<BR>
If these keys are missing or the value is not set to 1 of registry value EnableCertPaddingCheck is , then this QID gets reported.<P>



",A remote code execution vulnerability exists in the way that the WinVerifyTrust function handles Windows Authenticode signature verification for portable executable (PE) files. An anonymous attacker could exploit the vulnerability by modifying an existing signed executable file to leverage unverified portions of the file in such a way as to add malicious code to the file without invalidating the signature. <BR>
Server,production,windows server 2022 datacenter,Internal Vulnerabilities,Internal Vulnerability,378332,Microsoft WinVerifyTrust Signature Validation Vulnerability,Qualys Internal - Agent,Reopened,977,90,High,No,,11/19/2025,10/7/2023,11/19/2025,5/4/2024,5/8/2024,Yes,,CVE-2013-3900,4565,microsoft,CVE-2013-3900,4/4/2023,Yes,No,,Open,"Customers are advised to refer to <A HREF=""https://msrc.microsoft.com/update-guide/vulnerability/CVE-2013-3900"" TARGET=""_blank"">WinVerifyTrust Signature Validation</A> for further details pertaining to this.<P> Opting into this stricter verification behavior causes the WinVerifyTrust function to perform strict Windows Authenticode signature verification for PE files. After opting-in, PE files will be considered &quot;unsigned&quot; if Windows identifies content in them that does not conform to the Authenticode specification. This may impact some installers. If you are using an installer that is impacted, Microsoft recommends using an installer that only extracts content from validated portions of the signed file.<P> <P>Patch:<BR> Following are links for downloading patches to fix the vulnerabilities: <P> <A HREF=""https://msrc.microsoft.com/update-guide/vulnerability/CVE-2013-3900"" TARGET=""_blank"">CVE-2013-3900</A>","Microsoft stated that they have re-published the CVE-2013-3900 to inform customers about the availability of EnableCertPaddingCheck. This behavior remains available as an opt-in feature via the registry key setting and is available on all supported editions of Windows released since December 10, 2013. <P>

Microsoft recommends that executable authors consider conforming all signed binaries to the new verification standard by ensuring that they contain no extraneous information in the WIN_CERTIFICATE structure. Microsoft also recommends that customers appropriately test this change to evaluate how it will behave in their environments.<P>

Microsoft recommends that customers test how this change to Authenticode signature verification behaves in their environment before fully implementing it. To enable the Authenticode signature verification improvements, modify the registry to add the EnableCertPaddingCheck value as detailed below.<BR>
- HKEY_LOCAL_MACHINE\Software\Microsoft\Cryptography\Wintrust\Config  &quot;EnableCertPaddingCheck&quot;=&quot;1&quot;<BR>
- HKEY_LOCAL_MACHINE\Software\Wow6432Node\Microsoft\Cryptography\Wintrust\Config  &quot;EnableCertPaddingCheck&quot;=&quot;1&quot;<P>

QID Detection Logic (Authenticated):<BR>
This QID checks for the presence of these registry keys HKEY_LOCAL_MACHINE\Software\Microsoft\Cryptography\Wintrust\Config and HKEY_LOCAL_MACHINE\Software\Wow6432Node\Microsoft\Cryptography\Wintrust\Config, and checks whether the value 'EnableCertPaddingCheck' associated with these keys is set to 1 (REG_DWORD or  REG_SZ).<BR>
If these keys are missing or the value is not set to 1 of registry value EnableCertPaddingCheck is , then this QID gets reported.<P>



",A remote code execution vulnerability exists in the way that the WinVerifyTrust function handles Windows Authenticode signature verification for portable executable (PE) files. An anonymous attacker could exploit the vulnerability by modifying an existing signed executable file to leverage unverified portions of the file in such a way as to add malicious code to the file without invalidating the signature. <BR>
Server,production,windows server 2019 standard,Internal Vulnerabilities,Internal Vulnerability,378864,Python Extensible Markup Language (XML) External Entity Vulnerability,Qualys Internal - Agent,Reopened,966,90,High,No,,6/10/2026,10/18/2023,6/10/2026,5/4/2024,5/8/2024,Yes,,CVE-2022-48565,1023,python,CVE-2022-48565,9/25/2023,Yes,No,,Open,"Customers are advised to upgrade to the latest supported python releases to remediate this vulnerability.<BR>
For latest release visit <A HREF=""https://www.python.org/downloads/"" TARGET=""_blank"">here</A>.
<P>Patch:<BR>
Following are links for downloading patches to fix the vulnerabilities:
<P> <A HREF=""https://github.com/python/cpython/issues/86217"" TARGET=""_blank"">CVE-2022-48565</A><P> <A HREF=""https://docs.python.org/3.6/whatsnew/changelog.html#python-3-6-13-final"" TARGET=""_blank"">Python 3.6.13</A><P> <A HREF=""https://docs.python.org/3.7/whatsnew/changelog.html#python-3-7-10-final"" TARGET=""_blank"">Python 3.7.10</A><P> <A HREF=""https://docs.python.org/3.8/whatsnew/changelog.html#python-3-8-7-release-candidate-1"" TARGET=""_blank"">Python 3.8.7</A><P> <A HREF=""https://docs.python.org/3.9/whatsnew/changelog.html#python-3-9-1-release-candidate-1"" TARGET=""_blank"">Python 3.9.1</A><P> <A HREF=""https://docs.python.org/3.10/whatsnew/changelog.html#python-3-10-0-alpha-2"" TARGET=""_blank"">Python 3.10.0</A>","An XML External Entity (XXE) issue was discovered in Python through 3.9.1. The plistlib module no longer accepts entity declarations in XML plist files to avoid XML vulnerabilities.<P>

Affected version<BR>
Python version  2.7.x and prior<BR>
Python version 3.0.x  to  3.5.x<BR>
Python version 3.6.x prior to 3.6.13<BR>
Python version 3.7.x prior to 3.7.10<BR>
Python version 3.8.x prior to 3.8.7<BR>
Python version 3.9.x prior to 3.9.1<BR>


QID Detection Logic (Authenticated):
It checks for the vulnerable version from the file py.exe<P>","Successful exploit may lead to XML External Entity (XXE)<P>
"
Server,production,windows server 2019 datacenter,Internal Vulnerabilities,Internal Vulnerability,372219,Wireshark Gryphon dissector infinite loop Vulnerability(wnpa-sec-2019-21),Qualys Internal - Agent,Reopened,954,90,High,No,,6/10/2026,10/30/2023,6/10/2026,5/4/2024,5/8/2024,Yes,,CVE-2019-16319,2460,wireshark,wnpa-sec-2019-21,11/26/2019,Yes,No,,Open,"The vendor has released patch in versions 3.0.4, 2.6.11 or later addressing these vulnerability.<BR>For more details please visit <A HREF=""https://www.wireshark.org/security/wnpa-sec-2019-21.html"" TARGET=""_blank"">Advisory</A>.<P> The latest version of the product is available for download from <A HREF=""https://www.wireshark.org/download.html"" TARGET=""_blank"">Wireshark Official site</A>. <P>Patch:<BR> Following are links for downloading patches to fix the vulnerabilities: <P> <A HREF=""https://www.wireshark.org/security/wnpa-sec-2019-21.html"" TARGET=""_blank"">wnpa-sec-2019-21: Windows</A>","Wireshark is a network protocol analyzer available for multiple operating systems. It lets you capture and interactively browse the traffic running on a computer network.<P>  Wireshark is found to be affected by multiple vulnerabilities:<BR> wnpa-sec-2019-21 - The Gryphon dissector could go into an infinite loop.<BR>  Affected Versions:<BR> 3.0.0 to 3.0.3, 2.6.0 to 2.6.10  QID Detection Logic (Authenticated):<BR> Windows: wireshark.exe file version is checked, MAC OSX: Wireshark app version is checked.",Successful exploitation may be possible to make Wireshark consume excessive CPU resources by injecting a malformed packet onto the wire or by convincing someone to read a malformed packet trace file.
Server,production,windows server 2019 datacenter,Internal Vulnerabilities,Internal Vulnerability,377642,Oracle Java Standard Edition (SE) Critical Patch Update - October 2022 (CPUOCT2022),Qualys Internal - Agent,Reopened,954,90,High,No,,6/10/2026,10/30/2023,6/10/2026,5/4/2024,5/8/2024,Yes,,"CVE-2022-21628,CVE-2022-21626,CVE-2022-21618,CVE-2022-21624,CVE-2022-39399,CVE-2022-21619",,oracle,Oracle Critical Patch Update Advisory - October 2022,10/19/2022,Yes,No,,Open,"The vendor has released updates to resolve these issues.  <P> Customers are advised to refer to vendor advisory <A HREF=""https://www.oracle.com/security-alerts/cpuoct2022.html#AppendixJAVA"" TARGET=""_blank"">Oracle Critical Patch Update Advisory - October 2022</A>  <P>Patch:<BR> Following are links for downloading patches to fix the vulnerabilities: <P> <A HREF=""https://www.oracle.com/security-alerts/cpuoct2022.html"" TARGET=""_blank"">Oracle Critical Patch Update Advisory - Oct 2022</A>","Oracle Java Runtime Environment (JRE) is a platform that supports the execution of programs that are developed using the Java programming language. The JRE platform also supports Java Applets, which can be loaded from Web pages.<P>  Oracle Java JRE and JDK contain multiple remotely exploitable vulnerabilities that affect various components.<P>  Affected Versions:<BR> Oracle Java SE: 8u341, 8u345-perf, 11.0.16.1, 17.0.4.1, 19 and prior<P>  QID Detection Logic (Authenticated):<BR> Operating System: Windows<BR> This QID checks for the file or product version of jvm.dll or wsdetect.dll or verify.dll.<P>  QID Detection Logic (Authenticated):<BR> Operating System: Linux<BR> This QID checks product version from the java binary.<P>","Successful exploitation could allow an attacker to affect the confidentiality, integrity and availability of data on the target system.<P>"
Server,production,windows server 2019 datacenter,Internal Vulnerabilities,Internal Vulnerability,375964,Oracle Java SE Critical Patch Update - October 2021 (CPUOCT2021),Qualys Internal - Agent,Reopened,954,90,High,No,,6/10/2026,10/30/2023,6/10/2026,5/4/2024,5/8/2024,Yes,,"CVE-2021-3517,CVE-2021-35564,CVE-2021-35556,CVE-2021-35559,CVE-2021-35578,CVE-2021-35586,CVE-2021-35567,CVE-2021-35561,CVE-2021-35603,CVE-2021-35550,CVE-2021-35588,CVE-2021-3522,CVE-2021-35560,CVE-2021-35565",1694,oracle,Oracle Critical Patch Update Advisory - October 2021,10/20/2021,Yes,No,,Open,"The vendor has released updates to resolve these issues.  <P> Customers are advised to refer to vendor advisory <A HREF=""https://www.oracle.com/security-alerts/cpuoct2021.html#AppendixJAVA"" TARGET=""_blank"">Oracle Critical Patch Update Advisory - October 2021</A>  <P>Patch:<BR> Following are links for downloading patches to fix the vulnerabilities: <P> <A HREF=""https://www.oracle.com/security-alerts/cpuoct2021.html"" TARGET=""_blank"">Oracle Critical Patch Update Advisory - October 2021</A>","Oracle Java Runtime Environment (JRE) is a platform that supports the execution of programs that are developed using the Java programming language. The JRE platform also supports Java Applets, which can be loaded from Web pages.<P> Oracle Java JRE and JDK contain multiple remotely exploitable vulnerabilities that affect various components.<P> Affected Versions:<BR> Oracle Java JDK and JRE, versions 7u311, 8u301, 11.0.12, 17 and prior<P>  QID Detection Logic (Authenticated):<BR> Operating System: Windows<BR> This QID checks for the file or product version of jvm.dll or wsdetect.dll or verify.dll.<P>  QID Detection Logic (Authenticated):<BR> Operating System: Linux<BR> This QID checks product version from the java binary.<P>","This Critical Patch Update contains 15 new security patches for Oracle Java SE. 13 of these vulnerabilities may be remotely exploitable without authentication, i.e., may be exploited over a network without requiring user credentials<BR>"
Server,production,ubuntu 20.04,Internal Vulnerabilities,Internal Vulnerability,387288,Linux Kernel Local Privilege Escalation Vulnerability (Dirty Frag) (CVE-2026-43500),Qualys Internal - Agent,Active,32,90,High,No,,6/10/2026,5/9/2026,6/10/2026,,,No,,CVE-2026-43500,,linux,Dirty Frag,5/9/2026,No,No,,Open,"Customer are advised to refer to <A HREF=""https://github.com/V4bel/dirtyfrag"" TARGET=""_blank"">Dirty-Frag</A>for more information on this vulnerability.

","Dirty Frag was inspired by Copy Fail as the xfrm-ESP Page-Cache Write vulnerability shares the same sink as Copy Fail. However, it can be triggered on systems that have applied the algif_aead blacklist as a mitigation strategy. This means that systems that have been mitigated against Copy Fail remain vulnerable to Dirty Frag<P>

Affected version<BR>
Linux distros Ubuntu, Debian, CentOS, Suse, Amazon, Alma Linux, Fedora, Red Hat, Oracle, Rocky Linux, Microsoft Azure Linux, and others<P>

QID Detection Logic(Authenticated):<P>
QID checks the kernel configuration settings associated with the RXRPC module to determine whether the module is available/loadable. The QID also checks whether the mitigation has been applied through configuration files.<BR>","Successful exploitation of this vulnerability could lead to a security breach or affect Confidentiality, integrity and availability<P>"
Server,production,ubuntu 18.04,Internal Vulnerabilities,Internal Vulnerability,387288,Linux Kernel Local Privilege Escalation Vulnerability (Dirty Frag) (CVE-2026-43500),Qualys Internal - Agent,Active,32,90,High,No,,6/10/2026,5/9/2026,6/10/2026,,,No,,CVE-2026-43500,,linux,Dirty Frag,5/9/2026,No,No,,Open,"Customer are advised to refer to <A HREF=""https://github.com/V4bel/dirtyfrag"" TARGET=""_blank"">Dirty-Frag</A>for more information on this vulnerability.

","Dirty Frag was inspired by Copy Fail as the xfrm-ESP Page-Cache Write vulnerability shares the same sink as Copy Fail. However, it can be triggered on systems that have applied the algif_aead blacklist as a mitigation strategy. This means that systems that have been mitigated against Copy Fail remain vulnerable to Dirty Frag<P>

Affected version<BR>
Linux distros Ubuntu, Debian, CentOS, Suse, Amazon, Alma Linux, Fedora, Red Hat, Oracle, Rocky Linux, Microsoft Azure Linux, and others<P>

QID Detection Logic(Authenticated):<P>
QID checks the kernel configuration settings associated with the RXRPC module to determine whether the module is available/loadable. The QID also checks whether the mitigation has been applied through configuration files.<BR>","Successful exploitation of this vulnerability could lead to a security breach or affect Confidentiality, integrity and availability<P>"
Server,production,ubuntu 18.04,Internal Vulnerabilities,Internal Vulnerability,387289,Linux Kernel Local Privilege Escalation Vulnerability (Dirty Frag) (CVE-2026-43284),Qualys Internal - Agent,Active,32,90,High,No,,6/10/2026,5/9/2026,6/10/2026,,,No,,CVE-2026-43284,33,linux,Dirty Frag,5/9/2026,No,No,,Open,"Customer are advised to refer to <A HREF=""https://github.com/V4bel/dirtyfrag"" TARGET=""_blank"">Dirty-Frag</A>for more information on this vulnerability.


","Dirty Frag was inspired by Copy Fail as the xfrm-ESP Page-Cache Write vulnerability shares the same sink as Copy Fail. However, it can be triggered on systems that have applied the algif_aead blacklist as a mitigation strategy. This means that systems that have been mitigated against Copy Fail remain vulnerable to Dirty Frag.<P>

Affected version<BR>
Linux distros Ubuntu, Debian, CentOS, Suse, Amazon, Fedora, Red Hat, Oracle, Rocky Linux, Microsoft Azure Linux, and others<P>


QID Detection Logic(Authenticated):<P>
QID checks the kernel configuration settings associated with the esp4, esp6, ipcomp4, and ipcomp6 modules to determine whether the modules are available/loadable. The QID also checks whether the mitigation has been applied through configuration files.<BR>
","Successful exploitation of this vulnerability could lead to a security breach or affect Confidentiality, integrity and availability<P>"
Server,production,windows server 2019 standard,Internal Vulnerabilities,Internal Vulnerability,106161,EOL/Obsolete Software: Python 3.7.x Detected,Qualys Internal - Agent,Reopened,967,90,High,No,,6/10/2026,10/17/2023,6/10/2026,5/4/2024,5/8/2024,Yes,,,,python,Python 3.7.x End of Life,9/26/2023,No,No,,Open,"Customers are advised to upgrade to the latest supported python releases to remediate this vulnerability.<BR> For latest release visit <A HREF=""https://www.python.org/downloads/"" TARGET=""_blank"">here</A>.","Python is an interpreted high-level programming language for general-purpose programming.<P>

Python 3.7.x reached End of Life in its support cycle on June 27, 2023.<BR>

<P>Since there are no further bug fixes or security updates for the python 3.7.x series, it's highly recommended to migrate to newer supported versions.

<P>Affected Versions:<BR>
Python 3.7.x <BR>

<P>QID Detection Logic (Authenticated)<BR>
This checks for vulnerable version of Python.","The system is at high risk of being exposed to security vulnerabilities. Since the vendor no longer provides updates, obsolete software is more vulnerable to viruses and other attacks.<P>"
Server,production,windows server 2019 standard,Internal Vulnerabilities,Internal Vulnerability,106069,EOL/Obsolete Software: Microsoft Access Database Engine 2010 Service Pack 2 (SP2) Detected,Qualys Internal - Agent,Reopened,967,90,High,No,,6/10/2026,10/17/2023,6/10/2026,5/4/2024,5/8/2024,Yes,,,,microsoft,Access Database Engine 2010,6/9/2022,No,No,,Open,"Customer are advised to update Microsoft Access Database Engine to the latest versions.<BR> For more information visit <A HREF=""https://docs.microsoft.com/en-us/lifecycle/products/?terms=access&products=office"" TARGET=""_blank"">Microsoft Access Database Engine</A>","Microsoft Access Database Engine technology allows for the communication and data exchange between files that are proprietary to the Microsoft Office package and other applications.  Support for Access Database Engine 2010 ended on Oct 13, 2020<BR>  <P>QID Detection Logic:(Authenticated)<BR> This QID checks for vulnerable version of Microsoft Access Database Engine SP2 installed on the target.<BR>","The system is at high risk of being exposed to security vulnerabilities. Since the vendor no longer provides updates, obsolete software is more vulnerable to viruses and other attacks."
Server,production,centos 7,Internal Vulnerabilities,Internal Vulnerability,38601,Secure Sockets Layer/Transport Layer Security (SSL/TLS) Use of Weak Cipher Rivest Cipher 4 (RC4/ARC4/ARCFOUR),Qualys Internal - Scanner,Reopened,900,90,High,No,443,3/21/2026,12/23/2023,3/21/2026,4/12/2025,4/26/2025,Yes,tcp,"CVE-2015-2808,CVE-2013-2566",4835,canonical,,10/15/2013,No,Yes,,Open,"RC4 should not be used where possible. One reason that RC4(Arcfour) was still being used was BEAST and Lucky13 attacks against CBC mode ciphers in SSL and TLS. However, TLSv 1.2 or later address these issues.","Secure Sockets Layer (SSL v2/v3) and Transport Layer Security (TLS ) protocols provide integrity, confidentiality and authenticity services to other protocols that lack these features. <P> SSL/TLS protocols use ciphers such as AES,DES, 3DES and RC4(Arcfour) to encrypt the content of the higher layer protocols and thus provide the confidentiality service. Normally the output of an encryption process is a sequence of random looking bytes. It was known that RC4 output has some bias in the output. Recently a group of researchers has discovered that there is a stronger bias in RC4(Arcfour) , which makes statistical analysis of ciphertext more practical. <P> The described attack is to inject a malicious javascript into the victim's browser that would ensure that there are multiple connections being established with a target website and the same HTTP cookie is sent multiple times to the website in encrypted form. This provides the attacker a large set of ciphertext samples that can be used for statistical analysis.  <P>NOTE: On 3/12/15 NVD changed the CVSS v2 access complicity from high to medium. As a result Qualys revised the CVSS score to 4.3 immediately. On 5/4/15 Qualys is also revising the severity to level 3.","If this attack is carried out and an HTTP cookie is recovered, then the attacker can use the cookie to impersonate the user whose cookie was recovered. <P> This attack is not very practical as it requires the attacker to have access to millions of samples of ciphertext, but there are certain assumptions that an attacker can make to improve the chances of recovering the cleartext from cihpertext. For examples HTTP cookies are either base64 encoded or hex digits. This information can help the attacker in their efforts to recover the cookie."
Server,production,windows server 2019 standard,Internal Vulnerabilities,Internal Vulnerability,38657,Birthday attacks against TLS ciphers with 64bit block size vulnerability (Sweet32),Qualys Internal - Scanner,Reopened,900,90,High,No,3389,6/6/2026,12/23/2023,6/6/2026,5/4/2024,5/11/2024,Yes,tcp,CVE-2016-2183,3569,openssl_project,,3/30/2017,No,Yes,,Open,"Disable and stop using DES, 3DES, IDEA or RC2 ciphers.<BR> More information can be found at  <A HREF=""https://sweet32.info/"" TARGET=""_blank"">Sweet32</A>, <A HREF=""https://docs.microsoft.com/en-us/windows-server/security/tls/tls-schannel-ssp-changes-in-windows-10-and-windows-server"" TARGET=""_blank"">Microsoft Windows TLS changes docs</A> and <A HREF=""https://docs.microsoft.com/en-us/windows-server/security/tls/tls-registry-settings"" TARGET=""_blank"">Microsoft Transport Layer Security (TLS) registry settings</A>","Legacy block ciphers having block size of 64 bits are vulnerable to a practical collision attack when used in CBC mode.  All versions of SSL/TLS protocol support cipher suites which use DES, 3DES, IDEA or RC2 as the symmetric encryption cipher are affected.<BR>  Note: This CVE is patched at following versions<BR> OPENSSL-0.9.8J-0.102.2<BR> LIBOPENSSL0_9_8-0.9.8J-0.102.2<BR> LIBOPENSSL0_9_8-32BIT-0.9.8J-0.102.2<BR> OPENSSL1-1.0.1G-0.52.1<BR> OPENSSL1-DOC-1.0.1G-0.52.1<BR> LIBOPENSSL1_0_0-1.0.1G-0.52.1<BR> LIBOPENSSL1-DEVEL-1.0.1G-0.52.1<BR> JAVA-1_6_0-IBM-1.6.0_SR16.41-81.1<BR>",Remote attackers can obtain cleartext data via a birthday attack against a long-duration encrypted session.
Server,production,centos 7,Internal Vulnerabilities,Internal Vulnerability,38603,SSLv3 Padding Oracle Attack Information Disclosure Vulnerability (POODLE),Qualys Internal - Scanner,Reopened,900,90,High,No,443,3/21/2026,12/23/2023,3/21/2026,5/4/2024,5/16/2024,Yes,tcp,CVE-2014-3566,4256,oracle,POODLE,10/16/2014,No,Yes,,Open,"Disable SSLv3 support to avoid this vulnerability.<P>
Examples to disable SSLv3.<BR>
nginx: list specific allowed protocols in the &quot;ssl_protocols&quot; line. Make sure SSLv2 and SSLv3 is not listed. For example: ssl_protocols TLSv2 TLSv1.1 TLSv1.2;<BR>
Apache: Add -SSLv3 to the &quot;SSLProtocol&quot; line. <BR>
<A HREF=""https://support.microsoft.com/kb/187498/en-us"" TARGET=""_blank"">How to disable SSL 3.0 on Microsoft IIS</A>.
<P>For PCI, please refer to the Qualys <A HREF=""https://community.qualys.com/thread/15280"" TARGET=""_blank"">community article</A>.












","The SSL protocol 3.0 design error, uses nondeterministic CBC padding, which makes it easier for man-in-the-middle attacks. 
<P>
The target supports SSLv3, which makes it vulnerable to POODLE (Padding Oracle On Downgraded Legacy Encryption), even if it also supports more recent versions of TLS. It's subject to a downgrade attack, in which the attacker tricks the browser into connecting with SSLv3.<P>
Please refer QID 38116 result as well, this QID will also report the list of SSLv3 ciphers support by server.<P>
<B> This QID is an automatic PCI FAIL in accordance with the PCI standards. <P>

Further details can be found under: <BR>
<A HREF=""https://www.pcisecuritystandards.org/documents/ASV_Program_Guide_v3.1.pdf"" TARGET=""_blank"">PCI: ASV Program Guide v3.1 (page 27)</A><BR>
<A HREF=""https://www.pcisecuritystandards.org/documents/Use-of-SSL-Early-TLS-and-ASV-Scans.pdf"" TARGET=""_blank"">PCI: Use of SSL Early TLS and ASV Scans</A>
</B>
<P>



",An attacker who can take a man-in-the-middle (MitM) position can exploit this vulnerability and gain access to encrypted communication between a client and server.
Server,production,centos 7,Internal Vulnerabilities,Internal Vulnerability,38657,Birthday attacks against TLS ciphers with 64bit block size vulnerability (Sweet32),Qualys Internal - Scanner,Reopened,900,90,High,No,443,3/21/2026,12/23/2023,3/21/2026,5/4/2024,5/16/2024,Yes,tcp,CVE-2016-2183,3569,openssl_project,,3/30/2017,No,Yes,,Open,"Disable and stop using DES, 3DES, IDEA or RC2 ciphers.<BR> More information can be found at  <A HREF=""https://sweet32.info/"" TARGET=""_blank"">Sweet32</A>, <A HREF=""https://docs.microsoft.com/en-us/windows-server/security/tls/tls-schannel-ssp-changes-in-windows-10-and-windows-server"" TARGET=""_blank"">Microsoft Windows TLS changes docs</A> and <A HREF=""https://docs.microsoft.com/en-us/windows-server/security/tls/tls-registry-settings"" TARGET=""_blank"">Microsoft Transport Layer Security (TLS) registry settings</A>","Legacy block ciphers having block size of 64 bits are vulnerable to a practical collision attack when used in CBC mode.  All versions of SSL/TLS protocol support cipher suites which use DES, 3DES, IDEA or RC2 as the symmetric encryption cipher are affected.<BR>  Note: This CVE is patched at following versions<BR> OPENSSL-0.9.8J-0.102.2<BR> LIBOPENSSL0_9_8-0.9.8J-0.102.2<BR> LIBOPENSSL0_9_8-32BIT-0.9.8J-0.102.2<BR> OPENSSL1-1.0.1G-0.52.1<BR> OPENSSL1-DOC-1.0.1G-0.52.1<BR> LIBOPENSSL1_0_0-1.0.1G-0.52.1<BR> LIBOPENSSL1-DEVEL-1.0.1G-0.52.1<BR> JAVA-1_6_0-IBM-1.6.0_SR16.41-81.1<BR>",Remote attackers can obtain cleartext data via a birthday attack against a long-duration encrypted session.
Server,production,debian 11,Internal Vulnerabilities,Internal Vulnerability,19965,MongoDB Accessible Without Authentication,Qualys Internal - Scanner,Reopened,904,90,High,No,27017,6/9/2026,12/19/2023,6/9/2026,5/4/2024,5/14/2024,Yes,tcp,,,mongodb,,2/18/2015,No,Yes,,Open,Enable the authentication of MongoDB.,"MongoDB is an open-source document database, and NoSQL database. <P> It's possible to access MongoDB without any authentication.","Exploitation of this vulnerability allows a remote attacker to connect to the database. Consequently, the attacker can access sensitive information, and can launch denial of service attacks through the destruction of data."
Server,production,centos 7,Internal Vulnerabilities,Internal Vulnerability,38606,SSL Server Has SSLv3 Enabled Vulnerability,Qualys Internal - Scanner,Reopened,900,90,High,No,443,3/21/2026,12/23/2023,3/21/2026,5/4/2024,5/16/2024,Yes,tcp,,,multi-vendor,,4/15/2015,No,Yes,,Open,"Disable the SSL 3.0 protocol in the client and in the server.
","SSL 3.0 is an obsolete and insecure protocol.<BR> Encryption in SSL 3.0 uses either the RC4 stream cipher, or a block cipher in CBC mode.<BR> RC4 is known to have biases, and the block cipher in CBC mode is vulnerable to the POODLE attack.<P>  The SSLv3 protocol is insecure due to the POODLE attack and the weakness of RC4 cipher.<P> Note: In April 2016, PCI released <A HREF=""https://www.pcisecuritystandards.org/documents/PCI_DSS_v3-2.pdf"" TARGET=""_blank"">PCI DSS v3.2</A> announcing that NIST no longer considers Secure Socket Layers (SSL) v3.0 protocol as acceptable for protecting data and that all versions of SSL versions do not meet the PCI definition of &quot;strong cryptography.&quot;<P> <B> This QID is an automatic PCI FAIL in accordance with the PCI standards. <P>  Further details can be found under: <BR> <A HREF=""https://www.pcisecuritystandards.org/documents/ASV_Program_Guide_v3.1.pdf"" TARGET=""_blank"">PCI: ASV Program Guide v3.1 (page 27)</A><BR> <A HREF=""https://www.pcisecuritystandards.org/documents/Use-of-SSL-Early-TLS-and-ASV-Scans.pdf"" TARGET=""_blank"">PCI: Use of SSL Early TLS and ASV Scans</A> </B> <P>",An attacker can exploit this vulnerability to read secure communications or maliciously modify messages.
Server,production,centos 7,Internal Vulnerabilities,Internal Vulnerability,376187,Apache Log4j 1.2 Remote Code Execution Vulnerability,Qualys Internal - Agent,Reopened,900,90,High,No,,6/10/2026,12/23/2023,6/10/2026,5/4/2024,5/8/2024,Yes,,CVE-2021-4104,,apache,CVE-2021-4104,12/16/2021,No,No,,Open,"Customers are advised to upgrade their Log4j to the latest version in 2.x. If updating the version is not possible, please refer to the mitigations mentioned here <A HREF=""https://logging.apache.org/log4j/2.x/security.html"" TARGET=""_blank"">Log4j</A>.<BR>Workaround:<BR>Audit your logging configuration to ensure it has no JMSAppender configured. Log4j 1.2 configurations without JMSAppender are not impacted by this vulnerability.<BR>
Log4j 1.x does not have Lookups, so the risk is lower. Applications using Log4j 1.x are only vulnerable to this attack when they use JNDI in their configuration.<BR>","Apache Log4j is a Java-based logging utility. It is part of the Apache Logging Services, a project of the Apache Software Foundation.<P> The JMSAppender in Log4j 1.2 is vulnerable to deserialization of untrusted data when the attacker has write access to the Log4j configuration.<BR>  The attacker can provide TopicBindingName and TopicConnectionFactoryBindingName configurations causing JMSAppender to perform JNDI requests that result in remote code execution in a similar fashion to CVE-2021-44228.<BR>  <P>Affected versions:<BR> Log4j version 1.2 <BR>  <P>QID Detection: (Authenticated) - Linux<BR> This detection is based on querying the OS package managers on the target. If the target has a log4j package with a version in 1.2, the target is flagged as potentially vulnerable.<BR>  QID Detection: (Authenticated) - Windows<BR> On Windows system, the QID identifies vulnerable instance of log4j via WMI to check log4j included in the running processes via command-line. <BR>",Successful exploitation of this vulnerability could lead to  remote code execution (RCE) on the target.<BR>
Server,production,windows 10 enterprise,Internal Vulnerabilities,Internal Vulnerability,379270,Multi-Remote Next Generation Connection Manager (mRemoteNG) Password Dumper Vulnerability,Qualys Internal - Agent,Reopened,863,90,High,No,,6/19/2025,1/29/2024,6/19/2025,5/4/2024,5/8/2024,Yes,,CVE-2023-30367,,mremoteng,CVE-2023-30367,1/29/2024,No,No,,Open,"Update to mRemoteNG greater than v1.77.3.1784-NB when a fix has been released, please refer to advisory <A HREF=""https://github.com/advisories/GHSA-qmw7-qmmv-f8vj"" TARGET=""_blank"">here.</A>. ","Multi-Remote Next Generation Connection Manager (mRemoteNG) is free software that enables users to store and manage multi-protocol connection configurations to remotely connect to systems. mRemoteNG configuration files can be stored in an encrypted state on disk. mRemoteNG version less than v1.76.21 and less than 1.77.4-dev loads configuration files in plain text into memory (after decrypting them if necessary) at application start-up, even if no connection has been established yet. <P>
Affected Version :<BR>
mRemoteNG version prior to  v1.76.21<P>
QID Detection Logic (Authenticated):<BR>
This qid checks for file version of mRemoteNG.exe
",It allows attackers to access contents of configuration files in plain text through a memory dump and thus compromise user credentials when no custom password encryption key has been set. 
Server,production,debian 10,Internal Vulnerabilities,Internal Vulnerability,181605,Debian Security Update for mariadb-10.3 (DLA 3337-1),Qualys Internal - Agent,Reopened,909,90,High,No,,6/10/2026,12/14/2023,6/10/2026,5/4/2024,5/8/2024,Yes,,,,debian,DLA 3337-1,2/27/2023,Yes,No,,Open,"Refer to Debian security advisory <A HREF=""https://lists.debian.org/debian-lts-announce/2023/02/msg00031.html"" TARGET=""_blank"">DLA 3337-1</A> for updates and patch information. <P>Patch:<BR> Following are links for downloading patches to fix the vulnerabilities: <P> <A HREF=""https://lists.debian.org/debian-lts-announce/2023/02/msg00031.html"" TARGET=""_blank"">DLA 3337-1:Debian</A>",Debian has released a security update for mariadb-10.3 to fix the vulnerabilities.,"Successful exploitation of this vulnerability could lead to a security breach or could affect integrity, availability, and confidentiality."
Server,production,ubuntu 18.04,Internal Vulnerabilities,Internal Vulnerability,38913,SSH Prefix Truncation Vulnerability (Terrapin),Qualys Internal - Scanner,Reopened,893,90,High,No,22,6/6/2026,12/30/2023,6/6/2026,5/30/2026,6/6/2026,Yes,tcp,CVE-2023-48795,,openssh,OpenSSH Advisory,12/28/2023,Yes,Yes,,Open,"Customers are advised to refer to the individual vendor advisory for their operating system and install the patch released by the vendor. For more information regarding the vulnerability, please refer to <A HREF=""https://terrapin-attack.com/"" TARGET=""_BLANK""> Terrapin Vulnerability </A><P>
<P>Patch:<BR>
Following are links for downloading patches to fix the vulnerabilities:
<P> <A HREF=""https://www.openwall.com/lists/oss-security/2023/12/20/3"" TARGET=""_blank"">OpenWall Security Advisory</A>","The Terrapin attack exploits weaknesses in the SSH transport layer protocol in combination with newer cryptographic algorithms and encryption modes introduced by OpenSSH over 10 years ago. Since then, these have been adopted by a wide range of SSH implementations, therefore affecting a majority of current implementations. <P>

QID Detection Logic (Unauthenticated):<BR>
This  detection attempts to start the SSH key exchange process and examines whether either of the vulnerable ChaCha20-Poly1305 Algorithm or CBC-EtM Algorithm is active. It subsequently verifies whether Strict Key Exchange is enabled. If a target is identified as vulnerable, it indicates that the target supports either of the vulnerable algorithms and lacks support for Strict Key Exchange. <P> ","Successful exploitation of the vulnerability may allow an attacker to downgrade the security of an SSH connection when using SSH extension negotiation. The impact in practice heavily depends on the supported extensions. Most commonly, this will impact the security of client authentication when using an RSA public key. <P>"
Server,production,windows server 2019 standard,Internal Vulnerabilities,Internal Vulnerability,38913,SSH Prefix Truncation Vulnerability (Terrapin),Qualys Internal - Scanner,Reopened,893,90,High,No,2222,7/20/2024,12/30/2023,7/20/2024,5/4/2024,5/11/2024,Yes,tcp,CVE-2023-48795,,openssh,OpenSSH Advisory,12/28/2023,Yes,Yes,,Open,"Customers are advised to refer to the individual vendor advisory for their operating system and install the patch released by the vendor. For more information regarding the vulnerability, please refer to <A HREF=""https://terrapin-attack.com/"" TARGET=""_BLANK""> Terrapin Vulnerability </A><P>
<P>Patch:<BR>
Following are links for downloading patches to fix the vulnerabilities:
<P> <A HREF=""https://www.openwall.com/lists/oss-security/2023/12/20/3"" TARGET=""_blank"">OpenWall Security Advisory</A>","The Terrapin attack exploits weaknesses in the SSH transport layer protocol in combination with newer cryptographic algorithms and encryption modes introduced by OpenSSH over 10 years ago. Since then, these have been adopted by a wide range of SSH implementations, therefore affecting a majority of current implementations. <P>

QID Detection Logic (Unauthenticated):<BR>
This  detection attempts to start the SSH key exchange process and examines whether either of the vulnerable ChaCha20-Poly1305 Algorithm or CBC-EtM Algorithm is active. It subsequently verifies whether Strict Key Exchange is enabled. If a target is identified as vulnerable, it indicates that the target supports either of the vulnerable algorithms and lacks support for Strict Key Exchange. <P> ","Successful exploitation of the vulnerability may allow an attacker to downgrade the security of an SSH connection when using SSH extension negotiation. The impact in practice heavily depends on the supported extensions. Most commonly, this will impact the security of client authentication when using an RSA public key. <P>"
Server,production,centos 7,Internal Vulnerabilities,Internal Vulnerability,87413,Apache Tomcat AJP File Inclusion Vulnerability (unauthenticated check),Qualys Internal - Scanner,Reopened,869,90,High,No,8009,6/3/2026,1/23/2024,6/10/2026,5/4/2024,5/16/2024,Yes,tcp,CVE-2020-1938,2298,apache,Tomcat,2/22/2020,Yes,Yes,,Open,"Updated versions of Apache Tomcat are available that fix these vulnerabilities.<P>Workaround:<BR>Temporarily disable the AJP protocol port.  <P>Patch:<BR> Following are links for downloading patches to fix the vulnerabilities: <P> <A HREF=""https://tomcat.apache.org/"" TARGET=""_blank"">Tomcat</A>","<P>Apache Tomcat is an open source web server and servlet container developed by the Apache Software Foundation.<BR>  <P>Apache Tomcat fixed a vulnerability (CVE-2020-1938) that allows an attacker to read any webapps files. If the Tomcat instance supports file uploads, the vulnerability could also be leveraged to achieve remote code execution.<BR>  <P>Affected Versions:<BR> Apache Tomcat 9.0.0 through 9.0.30<BR> Apache Tomcat 8.5.0 through 8.5.50<BR> Apache Tomcat 7.0.0 through 7.0.99<BR>  <P>QID Detection Logic (Unauthenticated):<BR> This is an active detection where-in a connection to Apache JServ Protocol (AJP) is made when AJP port is exposed externally and an AJP specific request in HEX stream is sent which attempts to read 'web.xml' from the target system.  <P>Note:<BR> 1. Apache Tomcat version 8.0.x are found affected by this during our investigation.<BR> 2. If vulnerable, this QID may be reported on applications/servers that use Apache JServ Protocol (AJP) internally and have AJP port exposed.<BR> 3. This QID may be reported on other versions Apache Tomcat Servers if they were found to be vulnerable.<BR>","Successful exploitation allows an attacker  to read or include any file in all webapp directories on Tomcat, such as webapp configuration files, source code, etc. Remote code execution is also possible."
Server,production,oraclelinux 8,Internal Vulnerabilities,Internal Vulnerability,106032,EOL/Obsolete Software: Apache Log4j 1.X Detected,Qualys Internal - Agent,Reopened,37,90,High,No,,6/10/2026,5/4/2026,6/10/2026,5/20/2026,5/28/2026,No,,,,apache,Apache Log4j Security Advisory,1/12/2022,No,No,,Open,"Customers are advised to upgrade to Apache Log4j 2.X, for more information please refer to <A HREF=""https://blogs.apache.org/foundation/entry/apache_logging_services_project_announces"" TARGET=""_blank""> Apache Blog</A>.<BR>","On August 5, 2015, the Apache Logging Services Project Management Committee (PMC) has announced that the Log4j 1.x logging framework has reached its end of life (EOL) and is no longer officially supported.<BR>  <P>QID Detection: (Authenticated) - Linux<BR> This QID uses the OS package manager, locate command and ls proc command to check vulnerable versions of log4j<P>  <P>QID Detection: (Authenticated) - MacOS<BR> This QID uses the locate command and mdfind command to check vulnerable versions of log4j<BR>  QID Detection: (Authenticated) - Windows<BR> On Windows system, the QID identifies vulnerable instance of log4j via WMI query to check log4j included in the running processes via command-line. <P>",Apache no longer provides security updates for 1.x versions. Obsolete software is more vulnerable to viruses and other attacks.<P>
Server,production,microsoft windows server 2022 standard,Internal Vulnerabilities,Internal Vulnerability,38657,Birthday attacks against TLS ciphers with 64bit block size vulnerability (Sweet32),Qualys Internal - Scanner,Authentication,80,90,High,No,443,6/7/2026,3/22/2026,6/7/2026,,,No,tcp,CVE-2016-2183,3569,openssl_project,,3/30/2017,No,Yes,,Open,"Disable and stop using DES, 3DES, IDEA or RC2 ciphers.<BR> More information can be found at  <A HREF=""https://sweet32.info/"" TARGET=""_blank"">Sweet32</A>, <A HREF=""https://docs.microsoft.com/en-us/windows-server/security/tls/tls-schannel-ssp-changes-in-windows-10-and-windows-server"" TARGET=""_blank"">Microsoft Windows TLS changes docs</A> and <A HREF=""https://docs.microsoft.com/en-us/windows-server/security/tls/tls-registry-settings"" TARGET=""_blank"">Microsoft Transport Layer Security (TLS) registry settings</A>","Legacy block ciphers having block size of 64 bits are vulnerable to a practical collision attack when used in CBC mode.  All versions of SSL/TLS protocol support cipher suites which use DES, 3DES, IDEA or RC2 as the symmetric encryption cipher are affected.<BR>  Note: This CVE is patched at following versions<BR> OPENSSL-0.9.8J-0.102.2<BR> LIBOPENSSL0_9_8-0.9.8J-0.102.2<BR> LIBOPENSSL0_9_8-32BIT-0.9.8J-0.102.2<BR> OPENSSL1-1.0.1G-0.52.1<BR> OPENSSL1-DOC-1.0.1G-0.52.1<BR> LIBOPENSSL1_0_0-1.0.1G-0.52.1<BR> LIBOPENSSL1-DEVEL-1.0.1G-0.52.1<BR> JAVA-1_6_0-IBM-1.6.0_SR16.41-81.1<BR>",Remote attackers can obtain cleartext data via a birthday attack against a long-duration encrypted session.
Server,production,oracle enterprise linux 8.3,Internal Vulnerabilities,Internal Vulnerability,731128,Prometheus Sensitive Information Disclosure,Qualys Internal - Scanner,Reopened,750,90,High,No,9090,6/9/2026,5/21/2024,6/9/2026,5/28/2024,6/4/2024,Yes,tcp,,,prometheus,Prometheus,2/6/2024,Yes,Yes,,Open,"Although Prometheus did not have any built-in security features in the past, basic authentication and TLS were added in version 2.24.0. Enable Basic authentication and TLS security feature. Refer <A HREF=""https://prometheus.io/docs/guides/tls-encryption/"" TARGET=""_blank"">this</A> for more information.
<P>Patch:<BR>
Following are links for downloading patches to fix the vulnerabilities:
<P> <A HREF=""https://github.com/prometheus/prometheus/releases?page=12"" TARGET=""_blank"">Prometheus 2.24</A>","Prometheus is an open-source systems monitoring and alerting toolkit .<P>
It may results from a large-scale unauthenticated scraping of publicly available and non-secured Prometheus endpoints, which contain many types of sensitive data that were exposed, often without the developers knowledge.<BR> Since the numeric metrics captured by Prometheus are not considered sensitive data, Prometheus has held an understandable policy of avoiding built-in support for security features such as authentication and encryption, in order to focus on developing the monitoring-related features.<P> 
Due to the fact that authentication and encryption support is relatively new, many organizations that use Prometheus have not yet enabled these features and thus many Prometheus endpoints are completely exposed to the Internet (e.g. endpoints that run earlier versions), leaking metric and label data.<P>
QID Detection Logic (Un-Authenticated)<BR>
It sends GET request to non-secured Prometheus endpoints as /api/v1/status/config and /api/v1/targets to check for sensitive information leaks.",It may leak sensitive information like configuration details of endpoints.
